{"gruene": {"umwelt_energie": 10.674269958641435, "recht": 12.268454693570625, "europa": 5.187366837949617, "landwirtschaft_verbraucherschutz": 5.501942599323223, "wirtschaft": 12.723398922170697, "soziales": 5.117182604336383, "forschung_bildung": 5.7538538663992975, "aussenpolitik_verteidigung": 5.7601203158290515, "verkehr_stadt": 4.5995738814387765, "familienpolitik": 4.206040857250282, "kultur_sport": 5.803985461837324, "arbeitspolitik": 5.414212307306681, "fiskal_steuern": 5.5821531520240635, "gesundheit": 3.291139240506329, "demokratie": 8.116305301416215}, "fdp": {"umwelt_energie": 4.599200848079589, "recht": 26.736252684226265, "arbeitspolitik": 4.525809345184702, "landwirtschaft_verbraucherschutz": 3.022642637744978, "wirtschaft": 18.52184076762076, "soziales": 2.9655603577156215, "forschung_bildung": 5.852292804914513, "aussenpolitik_verteidigung": 4.547554975672076, "verkehr_stadt": 8.60855146918916, "familienpolitik": 3.876158634374405, "fiskal_steuern": 5.78705591345239, "europa": 5.36573432275952, "gesundheit": 3.7076299980972576, "demokratie": 1.8837152409687679}, "linke": {"umwelt_energie": 4.959498931012677, "recht": 12.984431931103018, "arbeitspolitik": 6.874642416212472, "landwirtschaft_verbraucherschutz": 3.237074287090849, "wirtschaft": 18.69372760396278, "soziales": 9.903941702550513, "forschung_bildung": 6.6096540094552685, "aussenpolitik_verteidigung": 6.380800385437683, "verkehr_stadt": 7.3142822728778345, "demokratie": 1.650155078442591, "kultur_sport": 5.92610436929748, "fiskal_steuern": 3.806197115239845, "europa": 4.76678008973471, "gesundheit": 6.892709807582282}, "spd": {"umwelt_energie": 8.048792436192624, "recht": 8.48478910498212, "europa": 6.630578552882966, "landwirtschaft_verbraucherschutz": 5.197668152647823, "wirtschaft": 19.578209964238475, "soziales": 11.08117376181845, "forschung_bildung": 6.8926664380541816, "aussenpolitik_verteidigung": 0.00734825846274433, "verkehr_stadt": 3.365502375936903, "familienpolitik": 4.715132513594278, "kultur_sport": 4.876794199774653, "arbeitspolitik": 6.7187576544358985, "fiskal_steuern": 5.168275118796846, "gesundheit": 5.829618380443835, "demokratie": 3.404693087738206}, "cdu": {"umwelt_energie": 7.451904603325051, "recht": 18.989676460793607, "europa": 5.840612752004509, "landwirtschaft_verbraucherschutz": 6.926761790096575, "wirtschaft": 11.8759125957425, "soziales": 9.063196454645592, "forschung_bildung": 8.340804877423981, "aussenpolitik_verteidigung": 4.280554345876989, "verkehr_stadt": 6.468222455619028, "familienpolitik": 2.213284832338551, "kultur_sport": 8.837769295796296, "arbeitspolitik": 2.5411788815738916, "fiskal_steuern": 3.0714450393216692, "gesundheit": 4.09867561544176}}