{"gruene": {"umwelt_energie": 10.65833502332184, "recht": 11.787669843845059, "europa": 5.192912188197121, "landwirtschaft_verbraucherschutz": 5.495842628270128, "wirtschaft": 12.730683431352668, "soziales": 5.222064489961468, "forschung_bildung": 5.758213344149258, "aussenpolitik_verteidigung": 5.764550801054552, "verkehr_stadt": 4.598458730480632, "familienpolitik": 4.568038937335226, "kultur_sport": 5.816517947677957, "arbeitspolitik": 5.414723179882377, "fiskal_steuern": 5.592171973230581, "gesundheit": 3.290407625228148, "demokratie": 8.10940985601298}, "fdp": {"umwelt_energie": 4.599200848079589, "recht": 26.736252684226265, "arbeitspolitik": 4.525809345184702, "landwirtschaft_verbraucherschutz": 3.022642637744978, "wirtschaft": 18.52184076762076, "soziales": 2.9655603577156215, "forschung_bildung": 5.852292804914513, "aussenpolitik_verteidigung": 4.547554975672076, "verkehr_stadt": 8.60855146918916, "familienpolitik": 3.876158634374405, "fiskal_steuern": 5.78705591345239, "europa": 5.36573432275952, "gesundheit": 3.7076299980972576, "demokratie": 1.8837152409687679}, "linke": {"umwelt_energie": 4.959498931012677, "recht": 5.146195308500708, "arbeitspolitik": 6.874642416212472, "landwirtschaft_verbraucherschutz": 3.237074287090849, "wirtschaft": 18.69372760396278, "soziales": 9.903941702550513, "forschung_bildung": 6.6096540094552685, "aussenpolitik_verteidigung": 6.380800385437683, "verkehr_stadt": 7.3142822728778345, "familienpolitik": 7.082417416965281, "kultur_sport": 5.92610436929748, "fiskal_steuern": 3.806197115239845, "europa": 4.76678008973471, "gesundheit": 6.892709807582282, "demokratie": 2.405974284079617}, "spd": {"umwelt_energie": 8.0396961529037, "recht": 8.49301641754472, "europa": 6.633178142612105, "landwirtschaft_verbraucherschutz": 5.202156334231805, "wirtschaft": 10.678755207057094, "soziales": 11.080617495711836, "forschung_bildung": 6.9051703013967165, "aussenpolitik_verteidigung": 8.8997794658172, "verkehr_stadt": 3.3472188189169323, "familienpolitik": 4.721881891693212, "kultur_sport": 4.856652781181083, "arbeitspolitik": 6.723842195540309, "fiskal_steuern": 5.172751776525361, "gesundheit": 5.834354324920363, "demokratie": 3.4109286939475614}, "cdu": {"umwelt_energie": 7.549569189245302, "recht": 17.380359181978616, "europa": 5.9171597633136095, "landwirtschaft_verbraucherschutz": 7.017543859649122, "wirtschaft": 12.031558185404338, "soziales": 9.171597633136095, "forschung_bildung": 8.45011938129347, "aussenpolitik_verteidigung": 4.336655247586422, "verkehr_stadt": 6.5529949133188, "familienpolitik": 3.3037475345167655, "kultur_sport": 7.653379009654313, "arbeitspolitik": 2.574483546143465, "fiskal_steuern": 3.1116993667600954, "gesundheit": 4.152392816360428, "demokratie": 0.7967403716391571}}