{"gruene": {"umwelt_energie": 10.662629074425867, "recht": 11.969830910151034, "europa": 5.153572704873324, "landwirtschaft_verbraucherschutz": 5.44698779317998, "wirtschaft": 12.73722421802998, "soziales": 5.168619632478793, "forschung_bildung": 5.7667350047962085, "aussenpolitik_verteidigung": 5.729117685782534, "verkehr_stadt": 4.480222694528561, "familienpolitik": 4.628811104632573, "kultur_sport": 5.746045479338688, "arbeitspolitik": 5.443226061278613, "fiskal_steuern": 5.588052739481258, "gesundheit": 3.285872815844415, "demokratie": 8.193052081178175}, "fdp": {"umwelt_energie": 4.601718962043015, "recht": 26.865978533536207, "arbeitspolitik": 4.507134926183329, "landwirtschaft_verbraucherschutz": 2.9979027018135462, "wirtschaft": 18.324628860467982, "soziales": 2.932105111650286, "forschung_bildung": 5.87243492207098, "aussenpolitik_verteidigung": 4.5852695645022, "verkehr_stadt": 8.627709010157503, "familienpolitik": 4.030102397499691, "fiskal_steuern": 5.716165645433236, "europa": 5.309043056298064, "gesundheit": 3.7216761936094094, "demokratie": 1.9081301147345477}, "linke": {"umwelt_energie": 4.967899048040735, "recht": 5.211423511179986, "arbeitspolitik": 6.738986052689839, "landwirtschaft_verbraucherschutz": 3.2278060659729912, "wirtschaft": 18.702678769094533, "soziales": 9.975647553686073, "forschung_bildung": 6.623865397387647, "aussenpolitik_verteidigung": 6.296214301527563, "verkehr_stadt": 7.367721939340271, "familienpolitik": 7.2481735665264555, "kultur_sport": 5.782599070179323, "fiskal_steuern": 3.8698251051582906, "europa": 4.693380562320124, "gesundheit": 6.8408235554571615, "demokratie": 2.452955501439008}, "cdu": {"umwelt_energie": 7.0563183787355905, "recht": 16.667890447169395, "europa": 5.587781775460753, "landwirtschaft_verbraucherschutz": 6.5937293487040165, "wirtschaft": 11.619795873412144, "soziales": 8.785520229091711, "forschung_bildung": 8.21646229532271, "aussenpolitik_verteidigung": 4.049489683530362, "verkehr_stadt": 6.244951905426243, "familienpolitik": 3.285850649827447, "kultur_sport": 7.39775313899699, "fiskal_steuern": 3.0178427197297895, "arbeitspolitik": 5.507012262280638, "gesundheit": 3.987076877891181, "demokratie": 1.9825244144210297}, "piraten": {"umwelt_energie": 3.602653661965643, "recht": 22.569307148192085, "arbeitspolitik": 5.43473485347744, "landwirtschaft_verbraucherschutz": 3.4357014190940642, "wirtschaft": 8.154299020253944, "soziales": 13.202407627081412, "forschung_bildung": 5.812574139976275, "aussenpolitik_verteidigung": 2.948025130706032, "verkehr_stadt": 4.485743157154783, "familienpolitik": 1.0588286982118538, "kultur_sport": 2.8777294494969468, "europa": 6.7176310355432545, "gesundheit": 13.268309828214928, "demokratie": 6.432054830631342}, "spd": {"umwelt_energie": 8.06498936404313, "recht": 8.457419496809214, "europa": 6.491601261644539, "landwirtschaft_verbraucherschutz": 5.215286437321206, "wirtschaft": 10.738648866720457, "soziales": 11.032054573461453, "forschung_bildung": 6.9097043937504585, "aussenpolitik_verteidigung": 8.846182058241032, "verkehr_stadt": 3.344825056847356, "familienpolitik": 4.962224015257097, "kultur_sport": 4.7715103058754496, "arbeitspolitik": 6.759333969045699, "fiskal_steuern": 5.145602581970219, "gesundheit": 5.754419423457787, "demokratie": 3.5061981955549033}}