{"gruene": {"umwelt_energie": 10.662629074425867, "recht": 11.969830910151034, "europa": 5.153572704873324, "landwirtschaft_verbraucherschutz": 5.44698779317998, "wirtschaft": 12.73722421802998, "soziales": 5.168619632478793, "forschung_bildung": 5.7667350047962085, "aussenpolitik_verteidigung": 5.729117685782534, "verkehr_stadt": 4.480222694528561, "familienpolitik": 4.628811104632573, "kultur_sport": 5.746045479338688, "arbeitspolitik": 5.443226061278613, "fiskal_steuern": 5.588052739481258, "gesundheit": 3.285872815844415, "demokratie": 8.193052081178175}, "fdp": {"umwelt_energie": 4.601718962043015, "recht": 26.865978533536207, "arbeitspolitik": 4.507134926183329, "landwirtschaft_verbraucherschutz": 2.9979027018135462, "wirtschaft": 18.324628860467982, "soziales": 2.932105111650286, "forschung_bildung": 5.87243492207098, "aussenpolitik_verteidigung": 4.5852695645022, "verkehr_stadt": 8.627709010157503, "familienpolitik": 4.030102397499691, "fiskal_steuern": 5.716165645433236, "europa": 5.309043056298064, "gesundheit": 3.7216761936094094, "demokratie": 1.9081301147345477}, "linke": {"umwelt_energie": 4.967899048040735, "recht": 5.211423511179986, "arbeitspolitik": 6.738986052689839, "landwirtschaft_verbraucherschutz": 3.2278060659729912, "wirtschaft": 18.702678769094533, "soziales": 9.975647553686073, "forschung_bildung": 6.623865397387647, "aussenpolitik_verteidigung": 6.296214301527563, "verkehr_stadt": 7.367721939340271, "familienpolitik": 7.2481735665264555, "kultur_sport": 5.782599070179323, "fiskal_steuern": 3.8698251051582906, "europa": 4.693380562320124, "gesundheit": 6.8408235554571615, "demokratie": 2.452955501439008}, "spd": {"umwelt_energie": 8.06498936404313, "recht": 8.457419496809214, "europa": 6.491601261644539, "landwirtschaft_verbraucherschutz": 5.215286437321206, "wirtschaft": 10.738648866720457, "soziales": 11.032054573461453, "forschung_bildung": 6.9097043937504585, "aussenpolitik_verteidigung": 8.846182058241032, "verkehr_stadt": 3.344825056847356, "familienpolitik": 4.962224015257097, "kultur_sport": 4.7715103058754496, "arbeitspolitik": 6.759333969045699, "fiskal_steuern": 5.145602581970219, "gesundheit": 5.754419423457787, "demokratie": 3.5061981955549033}, "cdu": {"umwelt_energie": 7.369349334764772, "recht": 17.40730800199379, "europa": 5.835665810360032, "landwirtschaft_verbraucherschutz": 6.886239024577279, "wirtschaft": 12.135270886852497, "soziales": 9.175261684751352, "forschung_bildung": 8.580959319044517, "aussenpolitik_verteidigung": 4.229132318546068, "verkehr_stadt": 6.521989187531153, "familienpolitik": 3.4162800506115563, "kultur_sport": 7.725930754188874, "arbeitspolitik": 2.576588320999962, "fiskal_steuern": 3.1517196426517384, "gesundheit": 4.163950768758866, "demokratie": 0.8243548943675473}}